epoch,l1_loss,const_loss,discriminator_acc,font_classification_acc
1,0.23120417296886445,0.0001566746679600328,0.7769500017166138,1.0
2,0.21418228447437287,0.00014748885005246847,0.794599974155426,1.0
