epoch,batch,d_loss,g_loss,l1_loss,const_loss,cat_loss
1,1,1.3974854946136475,72.0565414428711,68.70393371582031,0.016330240294337273,0.6622492074966431
1,21,0.7595745325088501,25.68255043029785,22.963653564453125,0.007914386689662933,0.2819250524044037
2,1,0.7357709407806396,25.215486526489258,22.478513717651367,0.007913924753665924,0.26248615980148315
2,21,0.5725581645965576,24.170412063598633,21.306964874267578,0.007325370330363512,0.1482488214969635
3,1,0.5596762895584106,24.101282119750977,21.214794158935547,0.007727257441729307,0.14117684960365295
3,21,0.4974498152732849,23.843921661376953,20.694515228271484,0.0076531614176929,0.09545788168907166
4,1,0.49883168935775757,23.68703842163086,20.523914337158203,0.00825104583054781,0.09213719516992569
4,21,0.452369749546051,23.75096893310547,20.34367561340332,0.008269821293652058,0.06857967376708984
